,ndcg,recall,precision,nrecs
Bias,0.031148288044841765,0.0350517701280048,,10.0
Bias,0.035338951229683724,0.04015678480733135,,10.0
Bias,0.03870563813381961,0.041852202249553244,,10.0
Bias,0.04081955207660904,0.04340021549458636,,10.0
