,ndcg,recall,precision,nrecs
Bias,0.055437985584028286,0.07982419850304812,,10.0
Bias,0.028467028979144687,0.04485589457295784,,10.0
Bias,0.021259181215824347,0.024997858418071835,,10.0
Bias,0.015664385412799624,0.022458618903241696,,10.0
Bias,0.012905382614500796,0.01896301572227498,,10.0
Bias,0.01276194500233169,0.017881620526784665,,10.0
Bias,0.03276306170048977,0.03694024020216226,,10.0
Bias,0.027940817829251324,0.03291187968990597,,10.0
Bias,0.02675736540044412,0.03140685646278487,,10.0
